epoch,train_loss,val_loss,val_f1,val_accuracy,val_balanced_accuracy,duration_s
0,0.9664171728942331,0.7940424084663391,0.2831805718552716,0.7310038824181919,0.2683623365720839,197.93023751500004
1,0.7765687525685716,0.7460480332374573,0.3177036933578587,0.7348863006100943,0.2988434878549501,197.8637084030015
2,0.730998235271311,0.7312455177307129,0.3522457617217187,0.7443150305047144,0.3205614896575378,197.33523508600047
3,0.7056307750502175,0.7013708353042603,0.4579685989342355,0.747642817526345,0.42007958233862724,199.99694355799875
4,0.6814377650969898,0.673851728439331,0.43562162792768083,0.7598447032723239,0.39671738357133884,200.9880089319995
5,0.6782284022204258,0.691627562046051,0.45219901951151315,0.7426511369938991,0.420415118957271,197.35576540699913
6,0.6654328911711207,0.6756120324134827,0.45228914217379723,0.7526344980587909,0.40905308224412135,197.25071354800093
7,0.6622282006208179,0.673038899898529,0.4734828031581393,0.7598447032723239,0.44564361096672833,198.48789108100027
8,0.6513379368967223,0.6615495085716248,0.4642801026696697,0.7703826955074875,0.4216423293165051,196.42883996000091
9,0.629181425713633,0.6640360355377197,0.512805713172161,0.7665002773155851,0.47583997375564546,199.02586381799847
10,0.637600023472028,0.6606200337409973,0.5147174392107196,0.7753743760399334,0.476886667995123,198.63998418499978
11,0.6355145808893169,0.6540238857269287,0.4919871884261774,0.7631724902939545,0.44471170055723813,197.3373504629999
12,0.6238169901083312,0.6683395504951477,0.4934065286752043,0.757071547420965,0.4703647940972477,200.62484130400117
13,0.6274148934757164,0.6456729173660278,0.5179322347780302,0.771491957848031,0.4667792007041015,197.36048960500193
14,0.6161146792227947,0.6729194521903992,0.5017123586292047,0.7504159733777038,0.4727954741353814,198.6971815069992
15,0.625842836032132,0.6491724252700806,0.4984322757386668,0.7659456461453134,0.44965033270959504,197.5756862379967
16,0.6181217102832504,0.6600944995880127,0.4813768805895008,0.764281752634498,0.4367108904288493,198.0776353140027
17,0.6093949451856574,0.6580713987350464,0.48253103879019116,0.7609539656128674,0.42644325147360773,197.48303518600005
